,Model,Out of the Box F1,First Tuned F1,Oversampled F1,Oversampled and Regularized F1
0,gbc,0.5989010989010989,0.61044912923923,0.6480263157894737,
1,lr,0.6375227686703097,0.6342342342342343,0.6451612903225806,0.6238377007607777
2,svc,0.637342908438061,,,
3,rf,0.5686839577329491,,,
