,Model,Out of the Box F1,First Tuned F1,Regularized F1,Oversampled F1,Oversampled and Regularized F1
0,gbc,0.5989010989010989,0.61044912923923,,0.6480263157894737,
1,lr,0.6375227686703097,0.6342342342342343,,0.6451612903225806,0.6238377007607777
2,svc,0.6373429084380611,0.6529266281945589,0.6505016722408027,0.6334519572953737,0.6409597257926307
3,rf,0.5686839577329491,0.6343096234309623,,0.6330814441645675,
